{"cameraMode":{"drawMode":0,"name":"Shaded","section":"Shading Mode"},"sceneLighting":true,"audioPlay":false,"sceneViewState":{"showFog":true,"showMaterialUpdate":true,"showSkybox":true,"showFlares":true,"showImageEffects":true,"showParticleSystems":true},"in2DMode":false,"pivot":{"x":3.575030565261841,"y":4.021629333496094,"z":-5.711129188537598},"rotation":{"x":-0.021042929962277414,"y":0.9777041673660278,"z":0.12056045234203339,"w":0.17065052688121797},"size":4.807394981384277,"orthographic":false}